CCI-St-Malo;http://www.saint-malo.cci.fr/
CCI-Grandville;http://www.granville.cci.fr/
CCI-Le-Mans;http://www.aeroport.fr/www.lemans.cci.fr
CCI-Nievre;http://www.nievre.cci.fr/
CCI-Troyes;http://www.troyes.cci.fr/
CCI-Morlais;http://www.morlaix.cci.fr/
CCI-Cotes-Darmor;http://www.cotesdarmor.cci.fr/
CCI-Cherbourg;http://www.cherbourg-cotentin.cci.fr/
CCI-Amiens;http://www.amiens.cci.fr/
CCI-Angouleme;http://www.angouleme.cci.fr/
CCI-Lille;http://www.grand-lille.cci.fr/
CCI-Arras;http://www.arras.cci.fr/
CCI-Avignon;http://www.avignonvaucluse.cci.fr/
CCI-Elbeuf;http://www.elbeuf.cci.fr/
CCI-Eure-et-Loire;http://www.eureetloir.cci.fr/
CCI-Basse-Terre;http://www.basseterre.cci.fr/
CCI-Bastia;http://www.bastia-hautecorse.cci.fr/
CCI-Bayonne;http://www.bayonne.cci.fr/
CCI-Beaune;http://www.beaune.cci.fr/
CCI-Ambert;http://www.ambert.cci.fr/
CCI-Alençon;http://www.alencon.cci.fr/
CCI-Albi;http://www.albi.cci.fr/
CCI-Ajaccio;http://www.corse-du-sud.cci.fr/
CCI-Picardie-maritime;http://littoral-normand-picard.cci.fr/
CCI-Montauban;http://www.montauban.cci.fr/
CCI-Bolbec;http://www.bolbec.cci.fr/
CCI-Bordeaux;http://www.bordeaux.cci.fr/
CCI-Boulogne-sur-Mer;http://www.boulogne-sur-mer.cci.fr/
CCI-Brest;http://www.cci-brest.fr/
CCI-Brioude;http://www.brioude.cci.fr/
CCI-Caen;http://www.caen.cci.fr/
CCI-Calais;http://www.calais.cci.fr/
CCI-Caracassone;http://www.carcassonne.cci.fr/
CCI-Castre-Mazamet;http://www.castres-mazamet.cci.fr/
CCI-Chalon-en-Champagne;http://www.chalonsenchampagne.cci.fr/
CCI-Cherbourg;http://www.cherbourg-cotentin.cci.fr/
CCI-Clermont;http://www.clermont-fd.cci.fr/
CCI-Cognac;http://www.cognac.cci.fr/
CCI-Colmar;http://www.colmar.cci.fr/
CCI-Dieppe;http://www.dieppe.cci.fr/
CCI-Digne;http://www.digne.cci.fr/
CCI-Dijon;http://www.dijon.cci.fr/
CCI-Dunkerque;http://www.dunkerque.cci.fr/
CCI-Flers;http://www.flers.cci.fr/
CCI-Fecamp;http://www.fecamp.cci.fr/
CCI-Grenoble;http://www.grenoble.cci.fr/
CCI-Haute-Saone;http://www.haute-saone.cci.fr/
CCI-Ain;http://www.ain.cci.fr/
CCI-Ariege;http://www.ariege.cci.fr/
CCI-Ales;http://www.ales.cci.fr/
CCI-Avesnes;http://www.avesnes.cci.fr/
CCI-Indre;http://www.indre.cci.fr/
CCI-Oise;http://www.oise.cci.fr/
CCI-Aisne;http://www.aisne.cci.fr/
CCI-Ardeche-meridionale;http://www.ardeche-meridionale.cci.fr/
CCI-Essone;http://www.essonne.cci.fr/
CCI-Eure;http://www.eure.cci.fr/
CCI-Yonne;http://www.yonne.cci.fr/
CCI-Drome;http://www.yonne.cci.fr/
CCI-Guyane;http://www.guyane.cci.fr/
CCI-Haute-Marne;http://www.haute-marne.cci.fr/
CCI-Haute-Savoie;http://www.haute-savoie.cci.fr/
CCI-Lozere;http://www.lozere.cci.fr/
CCI-Martinique;http://www.martinique.cci.fr/
CCI-Mayenne;http://www.mayenne.cci.fr/
CCI-Meuse;http://www.meuse.cci.fr/
CCI-Moselle;http://www.moselle.cci.fr/
CCI-Reunion;http://www.reunion.cci.fr/
CCI-La-Rochelle;http://www.larochelle.cci.fr/
CCI-Savoie;http://www.savoie.cci.fr/
CCI-Vendee;http://www.vendee.cci.fr/
CCI-Poitiers;http://www.poitiers.cci.fr/
CCI-Libourne;http://www.libourne.cci.fr/
CCI-Limoges;http://www.limoges.cci.fr/
CCI-Loir-et-Cher;http://www.loir-et-cher.cci.fr/
CCI-Lot-et-Garonne;http://www.lot-et-garonne.cci.fr/
CCI-Lyon;http://www.lyon.cci.fr/
CCI-Maine-et-Loire;http://www.maineetloire.cci.fr/
CCI-Marseille;http://www.ccimp.com/
CCI-Nancy;http://www.nancy.cci.fr/
CCI-Millau;http://www.millau.cci.fr/
CCI-Montluçon;http://www.cci-montlucon.com/
CCI-Montpellier;http://www.montpellier.cci.fr/
CCI-Morlaix;http://www.morlaix.cci.fr/
CCI-Moulin;http://www.moulins-vichy.cci.fr/
CCI-Nantes;http://nantesstnazaire.cci.fr/
CCI-Nimes;http://www.nimes.cci.fr/
CCI-Nord-dIsère;http://www.ccinordisere.fr/
CCI-Nouvelle-caledonies;http://www.cci.nc/
CCI-Paris;http://www.ccip.fr/
CCI-Pau;http://www.pau.cci.fr/
CCI-Peronne;http://www.peronne.cci.fr/
CCI-Perpignan;http://www.perpignan.cci.fr/
CCI-Pointe-à-Pitre;http://www.pointe-a-pitre.cci.fr/
CCI-Polynésie;http://www.ccism.pf/
CCI-Quimper;http://www.quimper.cci.fr/
CCI-Reims;http://www.reims.cci.fr/
CCI-Rennes;http://www.rennes.cci.fr/
CCI-Rochefort;http://www.rochefort.cci.fr/
CCI-Rodez;http://www.rodez.cci.fr/
CCI-Rouen;http://www.rouen.cci.fr/
CCI-St-Etienne;http://www.saint-etienne.cci.fr/
CCI-saone-et-Loire;http://www.cci71.fr/site_internet_cci_71/
CCI-Seine-et-Marne;http://www.seineetmarne.cci.fr/
CCI-Sete;http://www.sete.cci.fr/
CCI-Tarbes;http://www.tarbes.cci.fr/
CCI-Thiers;http://www.thiers.cci.fr/
CCI-Toulouse;http://www.toulouse.cci.fr/
CCI-Touraine;http://www.touraine.cci.fr/
CCI-Tulles;http://www.tulle-ussel.cci.fr/
CCI-Versailles;http://www.versailles.cci.fr/
CCI-Beaujolais;http://www.beaujolais-cci.com/
CCI-Ardennes;http://www.ardennes.cci.fr/
CCI-Deux-Sevres;http://www.cci79.com/
CCI-Landes;http://www.landes.cci.fr/
CCI-Vosges;http://www.vosges.cci.fr/
CCI-Cambresis;http://www.cambresis.cci.fr/
CCI-Cantal;http://www.cantal.cci.fr/
CCI-Cher;http://www.cher.cci.fr/
CCI-Doubs;http://www.doubs.cci.fr/
CCI-Gers;http://www.gers.cci.fr/
CCI-Le-Havre;http://www.havre.cci.fr/
CCI-Jura;http://www.jura.cci.fr/
CCI-Loiret;http://www.loiret.cci.fr/
CCI-Lot;http://www.lot.cci.fr/
CCI-Le-Mans;http://www.lemans.sarthe.cci.fr/
CCI-Morbihan;http://www.morbihan.cci.fr/
CCI-Arles;http://www.arles.cci.fr/
CCI-Pays-dAuge;http://www.pays-auge.cci.fr/
CCI-Correze;http://www.cci.correze.net/
CCI-Fougères;http://www.fougeres.cci.fr/
CCI-Roanne;http://www.roanne.cci.fr/
CCI-Treport;http://www.treport.cci.fr/
CCI-Valenciennes;http://www.valenciennes.cci.fr/
CCI-Var;http://www.var.cci.fr/
CCI-Nice;http://www.ccinice-cote-azur.com/
CCI-Le-Puy;http://www.lepuy-yss.cci.fr/
CCI-Anonnays;http://www.annonay.cci.fr/
CCI-Lens;http://www.lens.cci.fr/
CCI-Mulhouse;http://www.mulhouse.cci.fr/
CCI-93;http://www.ccip93.fr/
CCI-75;http://www.ccip75.fr/
CCI-92;http://www.ccip92.com
CCI-94;http://www.ccip94.fr/
CNAM-Languedoc-Roussillon;http://www.cnam-lr.fr/
languedoc;http://www.laregion.fr/
paca;http://www.regionpaca.fr/
nord-pas-de-calais;http://www.nordpasdecalais.fr/
picardie;http://www.cr-picardie.fr/
haute-normandie;http://www.hautenormandie.fr/
basse-normandie;http://www.cr-basse-normandie.fr/
bretagne;http://www.bretagne.fr/internet/jcms/j_6/accueil
pays-de-loire;http://www.paysdelaloire.fr/
centre;http://www.regioncentre.fr/jahia/Jahia/
alsace;http://www.region-alsace.eu/
aquitaine;http://aquitaine.fr/?lang=fr
corse;http://www.corse.fr/
limousin;http://www.region-limousin.fr/
lorraine;http://www.cr-lorraine.fr/jahia/Jahia/site/e-internet/
poitou-charentes;http://www.poitou-charentes.fr/accueil.html
rhones-alpes;http://www.rhonealpes.fr/
franche-comte;http://www.franche-comte.fr/
ile-de-france;http://www.iledefrance.fr/
champagne-ardenne;http://www.cr-champagne-ardenne.fr/
auvergne;http://www.auvergne.fr/index.html?m=1
midipyrenees;http://www.midipyrenees.fr/
bourgogne;http://www.cr-bourgogne.fr/
reunion;http://www.regionreunion.com/fr/spip/spip.php?page=accueilv2
guyane;http://www.cr-guyane.fr/
guadeloupe;http://www.cr-guadeloupe.fr/
martinique;http://www.cr-martinique.fr/
gouvernement;http://www.gouvernement.fr/
diplomatie;http://www.diplomatie.gouv.fr/fr/
agriculture;http://agriculture.gouv.fr/
budget;http://www.budget.gouv.fr/
culture;http://www.culture.gouv.fr/
defense;http://www.defense.gouv.fr/
developpement-durable;http://www.developpement-durable.gouv.fr/
travail-et-solidarite;http://www.travail-solidarite.gouv.fr/
sante-jeunesse-sport;http://www.sante-jeunesse-sports.gouv.fr/
justice;http://www.justice.gouv.fr/
interieur;http://www.interieur.gouv.fr/
immigration;http://www.immigration.gouv.fr/
enseignement-sup;http://www.enseignementsup-recherche.gouv.fr/
education;http://www.education.gouv.fr/
minefe;http://www.minefe.gouv.fr/
ministere-du-dedans;http://www.ministeredudedans.com/index.php
toulon;http://www.toulon.com/
montpellier;http://www.montpellier.fr/
marseille;http://www.marseille.fr/sitevdm/jsp/site/Portal.jsp
nice;http://www.nice.fr/
bordeaux;http://www.bordeaux.fr/ebx/portals/ebx.portal?_nfpb=true&_pageLabel=pgSomGen&classofcontent=sommaireGen&id=1
toulouse;http://www.toulouse.fr/web/guest/accueil
nantes;http://www.nantes.fr/
lyon;http://www.lyon.fr/vdl/sections/fr
grenoble;http://www.grenoble.fr/jsp/site/Portal.jsp
paris;http://www.paris.fr/portail/accueil/Portal.lut?page_id=1
nancy;http://www.nancy.fr/accueil/html/
lille;http://www.mairie-lille.fr/fr
abscon;http://abscon.fr/
sete;http://www.sete.fr/
nimes;http://www.nimes.fr/
palavas;http://www.palavaslesflots.com/
la-grande-motte;http://www.lagrandemotte.fr/
strasbourg;http://www.strasbourg.eu/accueil
lunel;http://www.ville-lunel.fr/
arles;http://www.ville-arles.fr/portail/
crepy-en-valois;http://www.mairie-crepy-en-valois.fr/
eurockeennes;http://www.eurockeennes.fr/
laroutedurock;http://www.laroutedurock.com/
hellfest;http://www.hellfest.fr/
vieillescharrues;http://www.vieillescharrues.asso.fr/
voixdugaou;http://www.voixdugaou.fr/
festival-avignon;http://www.festival-avignon.com/index.php?lg=fr&r=1
garorock;http://www.garorock.com/#News
rockenseine;http://www.rockenseine.com/
solidays;http://www.solidays.org/
lestrans;http://www.lestrans.com/
visapourlimage;http://www.visapourlimage.com/index.do
marsatac;http://www.marsatac.com/
cinemed;http://www.cinemed.tm.fr/
festival-cannes;http://www.festival-cannes.com/fr.html
festival-deauville;http://www.festival-deauville.com/
gerardmer-fantasticart;http://www.gerardmer-fantasticart.com/
szigetfestival;http://szigetfestival.com/2009/index.php?id=2&w=1920
delirium;http://www.delirium.be/
jupiler;http://www.jupiler.be/page/home/actions-jupiler
cineyvirtuel;http://www.cineyvirtuel.com/rubrique,biere-de-ciney,81793.html
achouffe;http://www.achouffe.be/en
duvel;http://www.duvel.be/
cnn;http://www.cnn.com/
msnbc;http://www.msnbc.msn.com/
fownews;http://www.foxnews.com/
Washington-Post;http://www.washingtonpost.com/
NY-Times;http://www.nytimes.com/
LA-Times;http://www.latimes.com/
Time;http://www.time.com/time/
Daily-News;http://www.dailynews.com/
NY-Daily-News;http://www.nydailynews.com/index.html
Wall-Street-Journal;http://online.wsj.com/home-page?_wsjregion=na,us&_homepage=/home/us
NewsWeek;http://www.newsweek.com/
News-Scientist;http://www.newscientist.com/
dourfestival;http://www.dourfestival.be/
rockwerchter;http://www.rockwerchter.be/fr/home/
pukkelpop;http://www.pukkelpop.be/
botanique;http://www.botanique.be/
IAE-Toulouse;http://www.iae-toulouse.fr/
youtube;http://www.youtube.com/?gl=FR&hl=fr
dailymotion;http://www.dailymotion.com/fr
vimeo;http://vimeo.com/
Aeroport-Agen;http://www.aeroport-agen.com/
Aeroport-Ajaccio;http://www.ajaccio.aeroport.fr/
Aeroport-Picardie;http://www.aeroportalbertpicardie.fr/
Aeroport-Angouleme;http://www.aeroport-angouleme-cognac.com/
Aeroport-Annecy;http://www.annecy.aeroport.fr/
Aeroport-Avignon;http://www.avignon.aeroport.fr/
Aeroport-Muhlouse;http://www.euroairport.com/
Aeroport-Bastia;http://www.bastia.aeroport.fr/
Aeroport-Beauvais;http://www.aeroportbeauvais.com/
Aeroport-Bergerac;http://www.bergerac.aeroport.fr/
Aeroport-Beziers;http://www.beziers.aeroport.fr/
Aeroport-Biarritz;http://www.biarritz.aeroport.fr/
Aeroport-Bordeaux;http://www.bordeaux.aeroport.fr/
Aeroport-Brest;http://www.brest.aeroport.fr/
Aeroport-Caen;http://www.caen.aeroport.fr/
Aeroport-Calvi;http://www.calvi.aeroport.fr/
Aeroport-Cannes;http://www.cannes.aeroport.fr/
Aeroport-Cannes-Heliport;http://www.riviera-ports.com/
Aeroport-Carcassone;http://www.carcassonne.aeroport.fr/
Aeroport-Chalon;http://www.chalon.aeroport.fr/
Aeroport-Chambery;http://www.chambery-airport.com/
Aeroport-Chateauroux;http://www.chateauroux-airport.com/
Aeroports-de-Paris;http://www.aeroportsdeparis.fr/
Aeroport-Clermond;http://www.clermont-aeroport.com/
Aeroport-Colmar;http://www.colmar.aeroport.fr/
Aeroport-Deauville;http://www.deauville.aeroport.fr/
Aeroport-Dijon;http://www.dijon.aeroport.fr/
Aeroport-Dole;http://www.aeroportfranchecomte.com/
Aeroport-Epinal;http://www.epinal-mirecourt.aeroport.fr/
Aeroport-Figari;http://www.figari.aeroport.fr/
Aeroport-Grenoble;http://www.grenoble-airport.com/
Aeroport-Guadeloupe;http://www.guadeloupe.aeroport.fr/
Aeroport-St-Tropez;http://www.st-tropez-airport.com/
Aeroport-La-Réunion;http://www.reunion.aeroport.fr/
Aeroport-La-Rochelle;http://www.larochelle.aeroport.fr/
Aeroport-Lannion;http://www.lannion.aeroport.fr/
Aeroport-Le-Havre;http://www.havre.aeroport.fr/
Aeroport-Le-Touquet;http://www.aeroport-letouquet.com/
Aeroport-Lille;http://www.lille.aeroport.fr/
Aeroport-Limoges;http://www.aeroportlimoges.com/
Aeroport-Lorient;http://www.lorient.aeroport.fr/
Aeroports-de-Lyon;http://www.lyonaeroports.com/
Aeroport-Marseille;http://www.marseille.aeroport.fr/
Aeroport-Marseille-Provence-2;http://www.mp2.aeroport.fr/
Aeroport-Martinique;http://www.martinique.aeroport.fr/
Aeroport-Metz;http://www.metz-nancy-lorraine.aeroport.fr/
Aeroport-Montpellier;http://www.montpellier.aeroport.fr/
Aeroport-Nancy;http://www.nancy-aeroport.fr/
Aeroport-Nantes;http://www.nantes.aeroport.fr/
Aeroport-Nice;http://www.nice.aeroport.fr/
Aeroport-Nimes;http://www.nimes-aeroport.fr/
Aeroport-Orleans;http://www.loiret.aeroport.fr/
Aeroport-Paris-Vatry;http://www.parisvatry.com/
Aeroport-Pau;http://www.pau.aeroport.fr/
Aeroport-Perpignan;http://www.perpignan.cci.fr/2-13674-Accueil.php
Aeroport-Poitiers;http://www.poitiers.aeroport.fr/
Aeroport-Quiberon;http://www.aerodrome-quiberon.fr/
Aeroport-Quimper;http://www.quimper.aeroport.fr/
Aeroport-Redon;http://www.acredon.fr/
Aeroport-Rennes;http://www.rennes.aeroport.fr/
Aeroport-Rouen;http://www.rouen.aeroport.fr/
Aeroport-St-Brieuc;http://www.st-brieuc.aeroport.fr/
Aeroport-St-Etienne;http://www.saint-etienne.aeroport.fr/
Aeroport-St-Martin-Guadeloupe;http://www.aeroport.fr/www.aeroport-saintmartin.com
Aeroport-Pierrefond-Réunion;http://www.pierrefonds.aeroport.fr/
Aeroport-St-Yan;http://www.aeroportsaintyan.fr/
Aeroport-Strasbourg;http://www.strasbourg.aeroport.fr/
Aeroport-Tahiti;http://www.tahiti-aeroport.pf/
Aeroport-Tarbes;http://www.tlp.aeroport.fr/
Aeroport-Toulon;http://www.toulon-hyeres.aeroport.fr/
Aeroport-Toulouse;http://www.toulouse.aeroport.fr/
Aeroport-Tours;http://www.tours.aeroport.fr/
Aeroport-Valenciennes;http://www.aeroport.fr/www.aerodrome-valenciennes.com
Aeroport-Vannes;http://www.vannes.aeroport.fr/
handicap-charentes-maritime;http://www.handicap-charente-maritime.com/
fondation-groupama;http://www.fondation-groupama.com/
cg-41;http://www.cg41.fr/jahia/
dexia-sofaxis;http://www.dexia-sofaxis.com/accueil.html
alain-gavand-consultants;http://www.gavand-consultants.net/indexaccessible.aspx?IdItem=104&IdDoc=678&IdLangue=3
hopital-gap;http://www.chicas-gap.fr/
centre-pleine-nature;http://www.centrepleinenature.fr/
lafarge;http://www.lafarge.com/
natural-net;http://www.natural-net.fr/
lafarge-fr;http://www.lafarge.fr/
tibus;http://www.tibus.fr/
adapei;http://www.adapei70.org/
intuitu;http://www.intuiti.net/
carac;http://www.carac.fr/
cnsa;http://www.cnsa.fr/
natixis;http://www.natixis.com/jcms/c_5154/home
maison-sciences-de-lhomme;http://www.msh-paris.fr/
msa;http://www.msa.fr/
cg-01-ain;http://www.ain.fr/jcms/int_50485/accueil
cg-02-aisne;http://www.cg02.fr/
cg-03-allier;http://www.allier.fr
cg-04;http://www.cg04.fr/
cg-05;http://www.cg05.fr/
cg-06-alpes-maritimes;http://www.cg06.fr/
cg-07-ardeche;http://www.ardeche.fr
cg-08;http://www.cg08.fr/
cg-09;http://www.cg09.fr/
cg-11-aude;http://www.cg11.fr/
cg-12;http://www.cg12.fr/
cg-13-bouche-du-rhone;http://www.cg13.fr/
cg-14-calvados;http://www.cg14.fr/actualites.asp
cg-15-cantal;http://www.cantal.fr/
cg-16;http://www.cg16.fr/
cg-17;http://www.cg17.fr/
cg-18;http://www.cg18.fr/
cg-19-correze;http://www.cg19.fr/
cg-2a;http://www.cg-corsedusud.fr/indexcg.php
cg-2b;http://www.cg2b.fr/cg2b/cgi-bin/pages/accueil.pl
cg-21-cotedor;http://www.cg21.fr/jahia/jsp/index.jsp
cg-22;http://www.cg22.fr/
cg-23;http://www.creuse.fr/
cg-24;http://www.cg24.fr/
cg-25;http://www.doubs.fr/v3/
cg-26;http://www.ladrome.fr/
cg-27;http://www.eure-en-ligne.fr/cg27/
cg-28;http://www.cg28.fr/
cg-29;http://www.cg29.fr/
cg-30-gard;http://www.gard.fr/
cg-31-garonne;http://www.haute-garonne.fr/
cg-32;http://www.cg32.fr/ovidentia/index.php
cg-33-gironde;http://www.cg33.fr/cg33/jcms/c_5217/accueil
cg-34-herault;http://www.cg34.fr/accueil/
cg-35;http://www.ille-et-vilaine.fr/
cg-36;http://www.cg36.fr/
cg-37;http://www.cg37.fr/
cg-38-isere;http://www.isere.fr/
cg-39;http://www.cg39.fr/
cg-40;http://www.cg40.fr/
cg-41;http://www.cg41.fr/jahia/
cg-42;http://www.loire.fr/display.jsp?id=j_4149
cg-43;http://www.cg43.fr/
cg-44;http://www.loire-atlantique.fr/cg44/jcms/c_11663/page-d-accueil
cg-45;http://www.loiret.com/cgloiret/
cg-46;http://www.cg46.fr/
cg-47;http://www.cg47.fr/
cg-48-lozere;http://www.lozere.fr/
cg-49;http://www.cg49.fr/
cg-50;http://www.manche.fr
cg-51;http://www.marne.fr/
cg-52;http://www.haute-marne.fr
cg-53-nord;http://www.cg59.fr/frontoffice/index.aspx
cg-54;http://www.cg54.fr/cg54/pages/fr/1.htm
cg-55;http://www.cg55.fr/
cg-56;http://www.morbihan.fr
cg-57;http://www.cg57.fr/front/go.do;jsessionid=762AAD23A52A308F6C915F816A6BEEE2?sid=content
cg-58;http://www.cg58.fr/
cg-59;http://www.cg59.fr/
cg-60;http://www.oise.fr
cg-61;http://www.cg61.fr/
cg-62-pas-de-calais;http://www.pasdecalais.fr/
cg-63;http://www.cg63.fr/
cg-64;http://www.cg64.fr/
cg-65;http://www.cg65.fr/
cg-66-pyrennees-orientales;http://www.cg66.fr/
cg-67;http://www.bas-rhin.fr/accueil
cg-68;http://www.cg68.fr/
cg-69-rhone;http://www.rhone.fr/
cg-70;http://www.cg70.fr/
cg-71;http://www.cg71.fr/
cg-72;http://www.cg72.fr/
cg-73;http://www.cg73.fr/
cg-74;http://www.cg74.fr/
cg-76;http://www.seinemaritime.net/fr/
cg-77;http://www.cg77.fr/
cg-78;http://www.yvelines.fr/
cg-79;http://www.deux-sevres.com
cg-80-somme;http://www.somme.fr/
cg-81;http://www.tarn.fr/
cg-82;http://www.cg82.fr/
cg-83-var;http://www.var.fr/dispatch.do
cg-84;http://www.vaucluse.fr/
cg-85;http://www.vendee.fr
cg-86;http://www.cg86.fr/
cg-87;http://www.cg87.fr/
cg-88;http://www.cg88.fr/
cg-89;http://www.cg89.fr/
cg-90;http://www.cg90.fr/index.html
cg-91;http://www.essonne.fr/
cg-92;http://www.hauts-de-seine.net/Portail/
cg-93;http://www.seine-saint-denis.fr/
cg-94;http://www.cg94.fr/
cg-95;http://www.valdoise.fr
cg-971-guadeloupe;http://www.cg971.fr/
cg-972-martinique;http://www.cg972.fr/
cg-973-guyane;http://www.cg973.fr/
cg-974-reunion;http://www.cg974.fr/
cg-975;http://www.cg975.fr/
cg-976-mayotte;http://www.cg976.fr/
amazon;http://www.amazon.fr/
pixmania;http://www.pixmania.com/fr/fr/home.html?sess=1dd6d5d0de58921724b765d650d3d554
rue-du-commerce;http://www.rueducommerce.fr/home/index.htm
ldlc;http://www.ldlc.com/
topachat;http://www.topachat.com/accueil/index.php
surcouf;http://www.surcouf.com/
cdiscount;http://www.cdiscount.com/home/default.asp
grosbill;http://www.grosbill.com/
magma;http://www.magma.fr/
opodo;http://www.opodo.fr/
go-voyages;http://www.govoyages.com/
Vente-privée;http://fr.vente-privee.com/VP4/Login/Portal.ashx
Discounteo;http://www.discounteo.com/
Camif;http://www.camif.fr/
3suisses;http://www.3suisses.fr/
La-Redoute;http://www.laredoute.fr/
Snkrs;http://www.snkrs.com/
Shop-Adidas;http://shop.adidas.fr/
Store-Nike-FR;http://store.nike.com/index.jsp?country=FR&lang_locale=fr_FR
Sarenza;http://www.sarenza.com/
lacigale;http://www.lacigale.fr/fr/
elyseemontmartre;http://www.elyseemontmartre.com/concerts/em#/concerts/em
rockstore;http://www.rockstore.fr/
victoire2;http://www.victoire2.com/
olympiahall;http://www.olympiahall.com/web/spectacles.asp?lang=fr&cal=0
nikaia;http://www.nikaia.fr/Programmation/Agenda
nice-acropolis;http://www.nice-acropolis.com/
glazart;http://www.glazart.com/
olympic;http://www.olympic.asso.fr/
aeronef-spectacles;http://www.aeronef-spectacles.com/
legrandmix;http://www.legrandmix.com/pages/page.php
antirouillecafe;http://www.antirouillecafe.com/
source001;http://www.source001.com/
lebikini;http://www.lebikini.com/index.php
espace-julien;http://www.espace-julien.com/fr/
marquiseclub;http://marquiseclub.free.fr/
cargodenuit;http://www.cargodenuit.com/
lebuspalladium;http://www.lebuspalladium.com/
zenith-omega-toulon;http://www.zenith-omega-toulon.com/frameset.htm
lemoulin;http://www.lemoulin.org/
pole-emploi;http://www.pole-emploi.fr/accueil/
cadre-emploi;http://www.cadremploi.fr/
apec;http://www.apec.fr/Accueil/ApecIndexAccueil.jsp
mairie-maizieu;http://www.meyzieu.fr/
transport-lyon;http://www.tcl.fr/
peugeot;http://www.peugeot.fr/Accueil/
renault;http://www.renault.fr/
citroen;http://www.citroen.fr/home/
heuliez;http://www.heuliez.com/fr/
fiat;http://www.fiat.fr/
mercedes-benz;http://www.mercedes-benz.fr
bmw;http://www.bmw.fr/fr/fr/
seat;http://www.seat.fr/fr/generator/su/fr/SEAT/site/main.html
volkswagen;http://www.volkswagen.fr/
chevrolet;http://www.chevrolet.fr/
kia;http://www.kia.fr/
porsche;http://www.porsche.com/france/
audi;http://www.audi.fr/fr/brand/fr.html
mbk;http://www.mbk.fr/mbk/
harley-davidson;http://www.harley-davidson.com/fr_FR/Content/Pages/home.html
yamaha-motor;http://www.yamaha-motor.fr/
suzuki;http://www.suzuki.fr/
mini;http://www.mini.fr/fr/fr/general/homepage/index.jsp
saab;http://www.saab.fr/fr/fr/start#/home/
volvocars;http://www.volvocars.com/fr/Pages/default.aspx
ford;http://www.ford.fr/
lada;http://www.lada.fr/
nissan;http://www.nissan.fr/
toyota;http://www.toyota.fr/
michelin;http://www.michelin.fr/michelinfr/index.jsp
goodyear;http://eu.goodyear.com/fr_fr/index_html.jsp
Musée-Beaux-Arts-Lyon;http://www.mba-lyon.fr/mba/
Musée-Beaux-Arts-Rennes;http://www.mbar.org/
Musée-Beaux-Arts-Nice;http://www.musee-beaux-arts-nice.org/
Musée-Beaux-Arts-Caen;http://www.mba.caen.fr/
Musée-Beaux-Arts-Lille;http://www.pba-lille.fr/
Musée-Beaux-Arts-Rouen;http://www.rouen-musees.com/
Musée-Beaux-Arts-Besançon;http://www.musee-arts-besancon.org/
Musée-Beaux-Arts-Strasbourg;http://www.musees-strasbourg.org/
Musée-Beaux-Arts-Angers;http://www.musees.angers.fr/
Musée-Beaux-Arts-Valence;http://www.musee-valence.org/
Musée-Beaux-Arts-Quimper;http://musee-beauxarts.quimper.fr/
Musée-Beaux-Arts-Nord-Pas-de-Calais;http://www.musenor.com/
Musée-Beaux-Arts-Grenoble;http://www.museedegrenoble.fr/
Musée-Beaux-Arts-Pont-Aven;http://www.museepontaven.fr/
Refuge-Pageau;http://www.refugepageau.ca/
Sepaq;http://www.sepaq.com/
Biodiversité;http://www.biodiversite.net/
Pavillon-de-la-Faune;http://www.pavillondelafaune.com/
Bioparc;http://www.bioparc.ca/
Exploramer;http://www.exploramer.qc.ca/
Zoo-St-Edouard;http://www.betes.com/
Parc-Safari;http://www.parcsafari.com/accueil.php
Biodome;http://www.biodome.qc.ca/
EcoMuseum;http://www.ecomuseum.ca/
Zoo-sauvage-St-Felicien;http://www.borealie.org/index_hiver_en.php
ENSAM-Paris;http://www.ensam.fr/
RegionLR-Se-Former;http://www.laregion-seformer.fr/
RegionLR-Culture;http://www.laregion-culture.fr/
RegionLR-CRAC;http://crac.laregion.fr/
RegionLR-Info-entreprises-LR;http://www.info-entrepriseslr.fr/
RegionLR-Parcs-dactivité;http://www.laregion-parcsdactivites.fr/
RegionLR-Risques-naturels;http://www.laregion-risquesnaturels.fr/
RegionLR-La-tribu;http://www.latribu-lr.fr/
RegionLR-Sud-de-France;http://www.sud-de-france.com/
RegionLR-Sud-de-France-TV;http://www.suddefrance.tv/
RegionLR-BRL;http://www.brl.fr/
RegionLR-Carif;http://www.cariflr.fr/
RegionLR-Cepralmar;http://www.cepralmar.org/
RegionLR-Enjoy-Montpellier;http://www.enjoy-montpellier.com/
RegionLR-Invest-LR;http://www.invest-lr.com/
RegionLR-LR-Cinema;http://www.languedoc-roussillon-cinema.fr/
RegionLR-Lo-Cirdoc;http://www.locirdoc.fr/
RegionLR-LR-Amenagement;http://www.lr-amenagement.fr/pages/
RegionLR-LRI;http://www.lr-incubation.com/
RegionLR-LR-livres-et-lecture;http://www.lr2l.fr/
RegionLR-Maison-région-LR;http://www.maisondelaregionlanguedocroussillon.fr/
RegionLR-Museum-Agropolis;http://www.museum.agropolis.fr/
RegionLR-Oref-LR;http://www.oref-lr.org/
RegionLR-Réseau-en-scene;http://www.reseauenscene.fr/
RegionLR-Sun-France;http://www.sunfrance.com/
RegionLR-Sud-de-France-export;http://www.suddefrance-export.com/
RegionLR-Synersud;http://www.synersud.com/
RegionLR-Transfert-LR;http://www.transferts-lr.org/
Free;http://www.free.fr/adsl/index.html
Neuf;http://www.sfr.fr/fr/adsl.jsp
Alice;http://www.aliceadsl.fr/
Dufour;http://www.dufour-yachts.com/index.php?id=17&L=1
Wauquiez;http://www.wauquiez.com/
3C-Composites;http://www.3ccomposite.fr/
Pogo-Structure;http://www.pogostructures.com/
carrefour;http://www.carrefour.fr/
auchan;http://www.auchan.fr/index.jsp
leclerc;http://www.e-leclerc.com/home.asp
shopi;http://www.shopi.com/
geant-casino;http://www.geantcasino.fr/Pages/Welcome.aspx
lidl;http://www.lidl.fr/cps/rde/xchg/lidl_fr/hs.xsl/index.htm
conforama;http://www.conforama.fr/webapp/wcs/stores/servlet/accueil_boutique-en-ligne
aldi;http://www.aldi.fr/
ikea;http://www.ikea.com/fr/
decathlon;http://www.decathlon.fr/
leader-price;http://www.monleaderprice.fr/
fnac;http://www.fnac.com/
planet-saturn;http://www.saturn.fr/webapp/wcs/stores/servlet/MultiChannelHome?storeId=32901
intersport;http://www.intersport.fr/resources/home/
nature-et-decouverte;http://www.natureetdecouvertes.com/
castorama;http://www.castorama.fr/store/
boulanger;http://www.boulanger.fr/
marionnaud;http://www.marionnaud.fr/
toysrus;http://www.toysrus.fr/
virgin;http://www.virgin.fr/
dhnet;http://www.dhnet.be/
lameuse;http://www.lameuse.be/
lesoir;http://www.lesoir.be/
levif;http://levif.rnews.be/
actu24;http://www.actu24.be/page/homepage/1.aspx
spiegel;http://www.spiegel.de/
bild;http://www.bild.de/
welt;http://www.welt.de/
faz;http://www.faz.de/
stern;http://www.stern.de/
zeit;http://www.zeit.de/
sueddeutsche;http://www.sueddeutsche.de/
reuters;http://www.reuters.de/
rg-rb;http://www.rg-rb.de/
taz;http://www.taz.de/
ostpreussenblatt;http://www.ostpreussenblatt.de/
finanznachrichten;http://www.finanznachrichten.de/
das-weisse-pferd;http://www.das-weisse-pferd.com/
focus;http://www.focus.de/
sonntagsblatt;http://www.sonntagsblatt.de/
urlaubtipp;http://www.urlaubtipp.de/
handelsblatt;http://www.handelsblatt.com/
neues-deutschland;http://www.neues-deutschland.de/
jungewelt;http://www.jungewelt.de/index.php
dw-world;http://www.dw-world.de/
tagesschau;http://www.tagesschau.de/
wiwo;http://www.wiwo.de/
inforadio;http://www.inforadio.de/
jungefreiheit;http://www.jungefreiheit.de/
pipeline;http://www.pipeline.de/news/index.php
katholische-sonntagszeitung;http://www.katholische-sonntagszeitung.de/
euronews;http://www.euronews.net/
Guardians;http://www.guardian.co.uk/
Times;http://www.timesonline.co.uk/tol/news/
The-independant;http://www.independent.co.uk/
Financial-times;http://www.ft.com/home/europe
BBC;http://www.bbc.co.uk/
Nature;http://www.nature.com/
El-Pais;http://www.elpais.com/global/
Que;http://www.que.es/
El-Correo;http://www.elcorreo.com/
Diario-vasco;http://www.diariovasco.com/
El-Mundo;http://www.elmundo.es/
El-Periodico;http://www.elperiodico.com/
La-Vanguardia;http://www.lavanguardia.es/
Estrella-Digital;http://www.estrelladigital.es/ED/diario/portada.asp
La-Razon;http://www.larazon.es/
El-Mundo-Deportivo;http://www.elmundodeportivo.es/
Maxi-Futbol;http://www.maxifutbol.com/
Deia;http://www.deia.com/
Gara;http://www.gara.net/
romandie;http://www.romandie.com/news/
lematin;http://www.lematin.ch/
lenouvelliste;http://www.lenouvelliste.ch/fr/news/suisse/index.php?idIndex=10
20min;http://www.20min.ch/
journaldujura;http://www.journaldujura.ch/Nouvelles_en_ligne
lagruyere;http://www.lagruyere.ch/
lcl;https://particuliers.secure.lcl.fr/index.html
credit-mutuel;https://www.creditmutuel.fr/groupe/fr/
fortuneo;http://www.fortuneo.fr/fr/bourse/bienvenue.jsp
societe-generale;http://www.societegenerale.fr/
bnp-paribas;http://www.bnpparibas.net/banque/portail/particulier/HomePage?type=site
credit-agricole;http://www.credit-agricole.fr/particuliers/
caisse-epargne;http://www.caisse-epargne.fr/index.aspx
credit-cooperatif;http://www.credit-cooperatif.coop/
credit-municipal;http://www.creditmunicipal.fr/accueil.html
natixis;http://www.natixis.com/jcms/c_5154/home
banque-de-france;http://www.banque-france.fr/
hsbc;http://www.hsbc.fr/1/2/
smc;http://www.smc.fr/
laposte;https://www.labanquepostale.fr/index.html
banque-de-bretagne;http://www.bdbretagne.com/site
credit-du-nord;https://www.credit-du-nord.fr/
credit-foncier;http://www.creditfoncier.fr/editorial/Home_Particuliers.html
banque-populaire;http://www.banquepopulaire.fr/
ING;http://www.ingdirect.fr/
Enna-Chaton;http://ennachaton.canalblog.com/
Abdelkader-Benchamma;http://www.kaderbenchamma.com/anim2.html
Galerie-Air-de-Paris;http://www.airdeparis.com/
FRAC-Languedoc-Roussillon;http://www.fraclr.org/
Paris-art;http://www.paris-art.com/
Jose-Sales-Albella;http://www.josesales.com/
Charles-CAMBEROQUE;http://www.camberoque.net/site/
Sylvain-GROUT;http://groutmazeas.free.fr/
atos-origin;http://www.atosorigin-handicap.fr/
simply-market;http://www.votre-avenir-simply.fr/html/
cours-des-comptes;http://www.ccomptes.fr/fr/JF/Accueil.html
groupama;http://www.groupama.com/
micropole-univers;http://www.micropole-univers.com/
finistere-accessible;http://www.finistere-accessible.com/
victor-brito;http://www.victor-brito.fr/
info-vae-idf;http://www.infovae-idf.com/jcms/c_5566/accueil
halpades;http://www.halpades.fr/
ville-bois-guillaume;http://www.ville-bois-guillaume.fr/
vhille-villejuif;http://jeunes.ville-villejuif.fr/index.php?cat=23&sscat=282
le-siteTv-pour-tous;http://pourtous.lesite.tv/
arpejeh;http://www.arpejeh.com/
tourisme-sarthe;http://www.handi-tourisme-sarthe.com/
Ricard;http://www.ricard.fr/
Pastis-51;http://www.pastis51.fr/
Suze;http://www.suze.com/
Chateau-Margaux;http://www.chateau-margaux.com/Website/site/eng_accueil.htm
Moulin-a-vent;http://www.moulin-a-vent.com/
Cheval-Blanc;http://www.chateau-cheval-blanc.com/flash/cheval.htm
Julienas;http://www.julienas.fr/
Vins-Bourgogne;http://www.vins-bourgogne.fr/
Pic-St-Loup;http://www.pic-saint-loup.com/
Gravette-de-Corconnes;http://www.la-gravette.com/
Listel;http://www.listel.fr/
Montbazillac;http://www.chateau-monbazillac.com/
Gigondas;http://www.gigondas-vin.com/
Rosé-danjou;http://www.rosedanjou.com/
Vin-de-Bandol;http://vinsdebandol.com/
Guigal;http://www.guigal.com/
Hospices-de-Beaunes;http://www.hospices-de-beaune.com/fr/hospices/
Rhum-3Rivière;http://www.rhum-de-martinique.com/troisrivieres/index.asp
Rhum-Charette;http://www.rhum-charrette.com/
Rhum-Dillon;http://www.rhums-dillon.com/
Puech-Haut;http://www.chateau-puech-haut.com/Default.aspx
Daumas-Gassac;http://www.daumas-gassac.com/
Université-Nice;http://portail.unice.fr/jahia/Jahia/
Université-Marseille;http://www.univ-mrs.fr/
Université-Aix-Science-eco;http://sceco.univ-aix.fr/
Université-Aix-Marseille-I;http://www.univ-provence.fr/
Université-Aix-Marseille-II;http://www.univmed.fr/
Université-Aix-Marseille-III;http://www.univ-cezanne.fr/
Université-Caen;http://www.unicaen.fr/
Université-Corse;http://www.univ-corse.fr/
Université-Bourgogne;http://www.u-bourgogne.fr/
Université-Brest;http://www.univ-brest.fr/
Université-Toulouse-I;http://www.univ-tlse1.fr/jsp/fiche_accueil.jsp?CODE_RUBRIQUE=internet&LANGUE=0
Université-Toulouse-II;http://www.univ-tlse2.fr/
Université-Toulouse-III;http://www.ups-tlse.fr/
Université-Bordeaux-I;http://www.u-bordeaux1.fr/
Université-Bordeaux-II;http://www.u-bordeaux2.fr/index.jsp
Université-Bordeaux-III;http://www.u-bordeaux3.fr/fr/index.html
Université-Bordeaux-IV;http://www.u-bordeaux4.fr/accueil/
Université-Rennes-I;http://www.univ-rennes1.fr/
Université-Rennes-II;http://www.univ-rennes2.fr/
Université-Grenoble-Pierre-Mendes-France;http://www.upmf-grenoble.fr/55458523/0/fiche___pagelibre/&RF=U2
Université-Grenoble-III;http://www.u-grenoble3.fr/13763376/0/fiche___pagelibre/
Université-Grenoble-Joseph-Fourier;http://www.ujf-grenoble.fr/36392593/0/fiche___pagelibre_accueil/
Université-St-Etienne;http://portail.univ-st-etienne.fr/
Université-Angers;http://www.univ-angers.fr/
Université-Nancy-I;http://www.uhp-nancy.fr/
Université-Nancy-II;http://www.univ-nancy2.fr/
Université-Metz;http://www.univ-metz.fr/
Université-Lille-I;http://www.univ-lille1.fr/
Université-Lille-II;http://www.univ-lille2.fr/
Université-Lille-III;http://www.univ-lille3.fr/fr/
Université-Artois;http://www.univ-artois.fr/
Université-Pau;http://www.univ-pau.fr/live/
Université-Strasbourg;http://www.unistra.fr/
Université-Haute-Alsace;http://www.uha.fr/
Université-Lyon-I;http://www.univ-lyon1.fr/
Université-Lyon-II;http://www.univ-lyon2.fr/
Université-Lyon-III;http://www.univ-lyon3.fr/
Université-Le-Mans;http://www.univ-lemans.fr/fr/index.html
Université-Savoie;http://www.univ-savoie.fr/
Université-Paris-1;http://www.univ-paris1.fr/
Université-Paris-2;http://www.u-paris2.fr/
Université-Paris-3;http://www.univ-paris3.fr/
Université-Paris-4;http://www.univ-paris4.fr/fr/
Université-Paris-5;http://www.univ-paris5.fr/
Université-Paris-6;http://www.upmc.fr/
Université-Paris-7;http://www.univ-paris-diderot.fr/
Université-Paris-8;http://www.univ-paris8.fr/
Université-Paris-10;http://www.u-paris10.fr/
Université-Paris-12;http://www.u-pec.fr/
Université-Paris-13;http://www.univ-paris13.fr/
Université-Paris-Dauphine;http://www.dauphine.fr/
Université-Marne-la-Vallée;http://www.univ-mlv.fr/
Université-Versailles-St-Quentin;http://www2.uvsq.fr/
Université-Avignon;http://www.univ-avignon.fr/
Université-Limoges;http://www.unilim.fr/
Université-Evry;http://www.univ-evry.fr/fr/index.html
Université-Cergy;http://www.u-cergy.fr/index.php
Université-Réunion;http://www.univ-reunion.fr/
Université-Picardie;http://www.u-picardie.fr/
Université-Compiegne;http://www.utc.fr/
Université-Belfort;http://www.utbm.fr/
Université-Clermont-I;http://www.u-clermont1.fr/
Université-Clermont-II;http://www.univ-bpclermont.fr/
Université-Polynésie;http://www.upf.pf/?lang=fr
Université-Nouvelle-Calédonie;http://www.univ-nc.nc/
Université-Montpellier-I;http://www.univ-montp1.fr/
Université-Montpellier-II;http://www.univ-montp2.fr/
Université-Montpellier-III;http://www.univ-montp3.fr/
Université-Nimes;http://www.unimes.fr/
Université-Nantes;http://www.univ-nantes.fr/index_flash.jsp
Université-Toulon;http://www.univ-tln.fr/
Université-Orleans;http://www.univ-orleans.fr/
Université-Tours;http://www.univ-tours.fr/
Université-Poitiers;http://www.univ-poitiers.fr/
Université-La-Rochelle;http://www.univ-larochelle.fr/
Université-Reims;http://www.univ-reims.fr/
Université-Toyes;http://www.utt.fr/
Université-Antilles-Guyane;http://www.univ-ag.fr/fr/index.html
Atos-Origin;http://www.fr.atosorigin.com/fr-fr/
SQLI;http://www.sqli.com/
Sopra;http://www.sopra.com/
Cap-Gemini;http://www.fr.capgemini.com/
IBM-Global-Services;www.ibm.com/services/fr
Accenture;http://www.accenture.com/Countries/France/
Logica;http://www.logica.fr/
GFI;http://www.gfi.fr/
Altran;http://www.altran.com/
Steria;http://www.steria.fr/
Alten;http://www.alten.fr/
Bull;http://www.bull.com/fr/index.php
Osiatis;http://www.osiatis.fr/
Euriware;http://www.euriware.fr/scripts/home/publigen/content/templates/index.asp
Devoteam;http://www.devoteam.fr/
CS;http://www.c-s.fr/
Bearing-Point;http://www.bearingpoint.fr/
Business-Decision;http://www.businessdecision.fr/
Unisys;http://www.unisys.fr/
Port-Sete;http://www.sete.port.fr/
Port-Strasbourg;http://www.strasbourg.port.fr/
Port-Paris;http://www.paris-ports.fr/
Port-Guadeloupe;http://www.port-guadeloupe.com/
Port-Caen;http://www.caen.port.fr/
Port-Le-Havre;http://www.havre-port.net/
Port-Rouen;http://www.rouen.port.fr/
Port-Boulogne;http://www.portboulogne.com/
Port-Calais;http://www.calais-port.com/
Port-Dunkerque;http://www.dunkerque-port.fr/
Port-Brest;http://www.brest.port.fr/
Port-Lorient;http://www.lorient.port.fr/
Port-Nantes;http://www.nantes.port.fr/
Port-La-Rochelle;http://www.larochelle.port.fr/
Port-St-Pierre-d-Oleron;http://www.saint-pierre-oleron.com/
Port-Rochefort;http://www.rochefort.port.fr/
Port-Bordeaux;http://www.bordeaux-port.fr
Port-Arcachon;http://www.bordeaux-port.fr
Port-Marseille;http://www.marseille-port.fr/
accessiweb;http://www.accessiweb.org/
braillenet;http://www.braillenet.org/
Martini;http://www.martini.com/
Smirnoff;https://www.smirnoff.com/index.aspx
Eristoff;http://www.eristoff.com/ageVerify.aspx
J&B;http://www.jbscotch.com/
Label-5;http://www.label-5.com/
Jack-Daniels;http://www.jackdaniels.com/age.aspx?ReturnUrl=%2fDefault.aspx
Grants;http://www.grantswhisky.com/
tf1;http://www.tf1.fr/
francetelevisions;http://www.francetelevisions.fr/
canalplus;http://www.canalplus.fr/
arte;http://www.arte.tv/fr/70.html
m6;http://www.m6.fr/
direct8;http://www.direct8.fr/
w9;http://www.w9.fr/
novaplanet;http://www.novaplanet.com/
rmc;http://www.rmc.fr/
eurosport;http://www.eurosport.fr/
rtl;http://www.rtl.fr/
europe1;http://www.europe1.fr/
nrj;http://www.nrj.fr/
skyrock;http://www.skyrock.fm/front/
tmc;http://www.tmc.tv/
musique.premiere;http://musique.premiere.fr/MCM
rtl9;http://www.rtl9.com/
paris-premiere;http://www.paris-premiere.fr/content/home/index_pp.shtml
comedie;http://www.comedie.com/
serieclub;http://www.serieclub.fr/
mtv;http://www.mtv.fr/
rireetchansons;http://www.rireetchansons.fr/
tv8montblanc;http://www.tv8montblanc.com/fre_FR/accueil.php
nt1;http://www.nt1.tv/
gameone;http://www.gameone.net/
lemouv;http://www.lemouv.com/
radiofrance;http://www.radiofrance.fr/
canalj;http://www.canalj.fr/
gulli;http://www.gulli.fr/
disney;http://home.disney.fr/tv/
france24;http://www.france24.com/fr/
euronews;http://fr.euronews.net/
Total;http://www.total.fr/
Dexia;http://www.dexia.com/f/home/home.php
Technip;http://www.technip.com/francais/index.html
Pëugeot;http://www.peugeot.com/FR.aspx
PPR;http://www.ppr.com/
Renault;http://www.renault.com/fr/pages/home.aspx
Alcatel-Lucent;http://www.alcatel-lucent.fr/wps/portal?lu_lang_code=fr_WW
Lafarge;http://www.lafarge.fr/
Veolia;http://www.veolia.com/fr/
Essilor;http://www.essilor.fr/
Alstom;http://www.alstom.fr/home//index.FR.php?languageId=FR
Bouygues;http://www.bouygues.com/
Unibail;http://www.unibail.fr/unibail-rodamco/do/Accueil
Saint-Gobain;http://www.saint-gobain.com/
Crédit-Agricole;http://www.credit-agricole.com/groupe-credit-agricole/index.html
Pernod-Ricard;http://www.pernod-ricard.com/fr/
Schneider-Electric;http://www.schneider-electric.fr/
LVMH;http://www.lvmh.fr/
Vinci;http://www.vinci.com/
EDF;http://www.edf.fr/edf-fr-accueil-1.html#Accueil
Loreal;http://www.loreal.fr/_fr/_fr/index.aspx
Air-Liquide;http://www.france.airliquide.com/
Carrefour;http://www.carrefour.com/cdc/accueil/
Société-Générale;http://www.societegenerale.com/
Danone;http://www.danone.com/?lang=fr
Danone-et-Vous;http://www.danoneetvous.com/
BNP-Paribas;http://www.bnpparibas.com/
Axa;http://www.axa.com/fr/
Vivendi;http://www.vivendi.fr/vivendi/-accueil-fr-
France-Telecom;http://www.francetelecom.com/fr_FR/
Gaz-de-France;http://www.gazdefrance.fr/
Sanofi-Aventis;http://www.sanofi-aventis.com/
handicap-fr;http://www.handicap.fr/
festical-handica;http://www.festival-handica.fr/
handicanal;http://www.handicanal.net/
discrimination-europe;http://ec.europa.eu/employment_social/fdad/cms/stopdiscrimination?langid=fr
handicap-international;http://www.handicap-international.fr/
handicap-org;http://www.handicap.org/
handicap-zero;http://www.handicapzero.org/
agefiph;http://www.agefiph.fr/index.php?nav1=accueil
cecite;http://www.cecite.org/
gihplr;http://www.gihplr.org/
lepatriote;http://www.lepatriote.fr/
lepatriote2;http://www.lepatriote.net/main/lejournal.aspx
rue89;http://www.rue89.com/
lemonde;http://www.lemonde.fr/
lefigaro;http://www.lefigaro.fr/
humanite;http://www.humanite.fr/
nicematin;http://www.nicematin.com/
varmatin;http://www.varmatin.com/
laprovence;http://www.laprovence.com/
midilibre;http://www.midilibre.com/
sofoot;http://www.sofoot.com/
clarkmagazine;http://www.clarkmagazine.com/
cahiersdufootball;http://www.cahiersdufootball.net/
lecanardenchaine;http://www.lecanardenchaine.fr/
sinehebdo;http://www.sinehebdo.eu/
charliehebdo;http://www.charliehebdo.fr/
lexpress;http://www.lexpress.fr/
20minutes;http://www.20minutes.fr/
metrofrance;http://www.metrofrance.com/
direct-montpellier-plus;http://www.direct-montpellier-plus.com/
lavoixdunord;http://www.lavoixdunord.fr/
nordeclair;http://www.nordeclair.fr/
journal-lamarseillaise;http://www.journal-lamarseillaise.com/
leparisien;http://www.leparisien.fr/actualites-informations-direct-videos-parisien
ouest-france;http://www.ouest-france.fr/
ledauphine;http://www.ledauphine.com/
lequipe;http://www.lequipe.fr/
lepoint;http://www.lepoint.fr/
shoes-up;http://shoes-up.com/blog/
telerama;http://www.telerama.fr/
telepoche;http://www.telepoche.fr/
closermag;http://www.closermag.fr/
parismatch;http://www.parismatch.com/
entrevue;http://www.entrevue.fr/
gala;http://www.gala.fr/
femmeactuelle;http://www.femmeactuelle.fr/
elle;http://www.elle.fr/elle/
jeunejolie;http://www.jeunejolie.fr/blog/
cosmopolitan;http://www.cosmopolitan.fr/
voici;http://www.voici.fr/
gqmagazine;http://www.gqmagazine.fr/
tetu;http://www.tetu.com/#
la-croix;http://www.la-croix.com/
jeuxvideo;http://www.jeuxvideo.com/
Villiger;http://www.villiger.ch/
Philip-Morris;http://www.philipmorrisinternational.com/pmintl/pages/eng/default.asp
Dufour;http://www.dufour-yachts.com/index.php?id=17&no_cache=1
Bavaria;http://www.bavariayachts.com/
Elan-Marine;http://www.elan-marine.com/pc.asp?xpath=&xpathid=&lang=eng
IUT-Montpellier;http://www.iutmontp.univ-montp2.fr/